{"type": "block", "layer": 0, "block": 12, "features": [{"geom": {"polygons": [[[[18.278447637155825, 21.14465331244683], [17.950233893292776, 21.13549231311359], [17.874488926321273, 21.101257824174944], [17.714831544101173, 21.062437750417708], [17.645071857567075, 21.18534083442423], [17.862631919033422, 21.30034613578899], [17.89616720949262, 21.23731782600653], [18.27554939218975, 21.248176677254694], [18.278447637155825, 21.14465331244683]]]], "centroids": [[17.940892287437638, 21.18121598063186, 19.83586195297741]], "h": 0.3832484275718606}, "mtl": {"face": 0, "edge": 1}}, {"geom": {"polygons": [[[[26.391343373987397, 24.80338697963461], [26.42970928767763, 24.605473289448728], [25.989634309480326, 24.520442580982362], [25.951640667698694, 24.718388330522544], [26.391343373987397, 24.80338697963461]]]], "centroids": [[26.19059167045411, 24.661910490904987, 18.692815447632796]], "h": 0.3832484275718606}, "mtl": {"face": 0, "edge": 1}}], "featureCount": 2}